Sequence_ID	Organism	specimen-voucher	Collected_by	collection-date	country	Lat_Lon	Fwd_primer_seq	Rev_primer_seq
IBISU211110_Angara_AR_EveA001_SA_18S	Eulimnogammarus verrucosus	IBISU211110_Angara_AR_EveA001_SA	Alexandra Saranchina and Andrei Mutin	2021	Russia: Angara river, Irkutsk, Akademicheskij bridge, right bank	52.262111 N, 104.282389 E	CCTAYCTGGTTGATCCTGCCAGT	CGCGGCTGCTGGCACCAGAC
IBISU211110_Angara_AR_EveA002_SA_18S	Eulimnogammarus verrucosus	IBISU211110_Angara_AR_EveA002_SA	Alexandra Saranchina and Andrei Mutin	2021	Russia: Angara river, Irkutsk, Akademicheskij bridge, right bank	52.262111 N, 104.282389 E	CCTAYCTGGTTGATCCTGCCAGT	CGCGGCTGCTGGCACCAGAC
IBISU211110_Angara_AR_EveA003_SA_18S	Eulimnogammarus verrucosus	IBISU211110_Angara_AR_EveA003_SA	Alexandra Saranchina and Andrei Mutin	2021	Russia: Angara river, Irkutsk, Akademicheskij bridge, right bank	52.262111 N, 104.282389 E	CCTAYCTGGTTGATCCTGCCAGT	CGCGGCTGCTGGCACCAGAC
IBISU211110_Angara_AR_EveA004_SA_18S	Eulimnogammarus verrucosus	IBISU211110_Angara_AR_EveA004_SA	Alexandra Saranchina and Andrei Mutin	2021	Russia: Angara river, Irkutsk, Akademicheskij bridge, right bank	52.262111 N, 104.282389 E	CCTAYCTGGTTGATCCTGCCAGT	CGCGGCTGCTGGCACCAGAC
IBISU211110_Angara_AR_EveA005_SA_18S	Eulimnogammarus verrucosus	IBISU211110_Angara_AR_EveA005_SA	Alexandra Saranchina and Andrei Mutin	2021	Russia: Angara river, Irkutsk, Akademicheskij bridge, right bank	52.262111 N, 104.282389 E	CCTAYCTGGTTGATCCTGCCAGT	CGCGGCTGCTGGCACCAGAC
IBISU211110_Angara_AR_EveA006_SA_18S	Eulimnogammarus verrucosus	IBISU211110_Angara_AR_EveA006_SA	Alexandra Saranchina and Andrei Mutin	2021	Russia: Angara river, Irkutsk, Akademicheskij bridge, right bank	52.262111 N, 104.282389 E	CCTAYCTGGTTGATCCTGCCAGT	CGCGGCTGCTGGCACCAGAC
IBISU211110_Angara_AR_EveA024_SA_18S	Eulimnogammarus verrucosus	IBISU211110_Angara_AR_EveA024_SA	Alexandra Saranchina and Andrei Mutin	2021	Russia: Angara river, Irkutsk, Akademicheskij bridge, right bank	52.262111 N, 104.282389 E	CCTAYCTGGTTGATCCTGCCAGT	CGCGGCTGCTGGCACCAGAC
IBISU211110_Angara_AR_EveA025_SA_18S	Eulimnogammarus verrucosus	IBISU211110_Angara_AR_EveA025_SA	Alexandra Saranchina and Andrei Mutin	2021	Russia: Angara river, Irkutsk, Akademicheskij bridge, right bank	52.262111 N, 104.282389 E	CCTAYCTGGTTGATCCTGCCAGT	CGCGGCTGCTGGCACCAGAC
IBISU211110_Angara_AR_EveA026_SA_18S	Eulimnogammarus verrucosus	IBISU211110_Angara_AR_EveA026_SA	Alexandra Saranchina and Andrei Mutin	2021	Russia: Angara river, Irkutsk, Akademicheskij bridge, right bank	52.262111 N, 104.282389 E	CCTAYCTGGTTGATCCTGCCAGT	CGCGGCTGCTGGCACCAGAC
IBISU211110_Angara_AR_EveA027_SA_18S	Eulimnogammarus verrucosus	IBISU211110_Angara_AR_EveA027_SA	Alexandra Saranchina and Andrei Mutin	2021	Russia: Angara river, Irkutsk, Akademicheskij bridge, right bank	52.262111 N, 104.282389 E	CCTAYCTGGTTGATCCTGCCAGT	CGCGGCTGCTGGCACCAGAC
IBISU211111_Angara_BR_EveA028_SA_18S	Eulimnogammarus verrucosus	IBISU211111_Angara_BR_EveA028_SA	Alexandra Saranchina and Yaroslav Rzhechitskiy	2021	Russia: Angara river, Irkutsk, between the bridges, right bank	52.282861 N, 104.270611 E	CCTAYCTGGTTGATCCTGCCAGT	CGCGGCTGCTGGCACCAGAC
IBISU211111_Angara_GR_EveA032_SA_18S	Eulimnogammarus verrucosus	IBISU211111_Angara_GR_EveA032_SA	Alexandra Saranchina and Yaroslav Rzhechitskiy	2021	Russia: Angara river, Irkutsk, Glazkovskij bridge, right bank	52.288556 N, 104.266944 E	CCTAYCTGGTTGATCCTGCCAGT	CGCGGCTGCTGGCACCAGAC
IBISU211111_Angara_GR_EveA033_SA_18S	Eulimnogammarus verrucosus	IBISU211111_Angara_GR_EveA033_SA	Alexandra Saranchina and Yaroslav Rzhechitskiy	2021	Russia: Angara river, Irkutsk, Glazkovskij bridge, right bank	52.288556 N, 104.266944 E	CCTAYCTGGTTGATCCTGCCAGT	CGCGGCTGCTGGCACCAGAC
IBISU211111_Angara_GR_EveA034_SA_18S	Eulimnogammarus verrucosus	IBISU211111_Angara_GR_EveA034_SA	Alexandra Saranchina and Yaroslav Rzhechitskiy	2021	Russia: Angara river, Irkutsk, Glazkovskij bridge, right bank	52.288556 N, 104.266944 E	CCTAYCTGGTTGATCCTGCCAGT	CGCGGCTGCTGGCACCAGAC
IBISU211111_Angara_GR_EveA035_SA_18S	Eulimnogammarus verrucosus	IBISU211111_Angara_GR_EveA035_SA	Alexandra Saranchina and Yaroslav Rzhechitskiy	2021	Russia: Angara river, Irkutsk, Glazkovskij bridge, right bank	52.288556 N, 104.266944 E	CCTAYCTGGTTGATCCTGCCAGT	CGCGGCTGCTGGCACCAGAC
IBISU211111_Angara_GR_EveA036_SA_18S	Eulimnogammarus verrucosus	IBISU211111_Angara_GR_EveA036_SA	Alexandra Saranchina and Yaroslav Rzhechitskiy	2021	Russia: Angara river, Irkutsk, Glazkovskij bridge, right bank	52.288556 N, 104.266944 E	CCTAYCTGGTTGATCCTGCCAGT	CGCGGCTGCTGGCACCAGAC
IBISU211111_Angara_GR_EveA037_SA_18S	Eulimnogammarus verrucosus	IBISU211111_Angara_GR_EveA037_SA	Alexandra Saranchina and Yaroslav Rzhechitskiy	2021	Russia: Angara river, Irkutsk, Glazkovskij bridge, right bank	52.288556 N, 104.266944 E	CCTAYCTGGTTGATCCTGCCAGT	CGCGGCTGCTGGCACCAGAC
IBISU211111_Angara_GR_EveA038_SA_18S	Eulimnogammarus verrucosus	IBISU211111_Angara_GR_EveA038_SA	Alexandra Saranchina and Yaroslav Rzhechitskiy	2021	Russia: Angara river, Irkutsk, Glazkovskij bridge, right bank	52.288556 N, 104.266944 E	CCTAYCTGGTTGATCCTGCCAGT	CGCGGCTGCTGGCACCAGAC
IBISU211111_Angara_GR_EveA061_SA_18S	Eulimnogammarus verrucosus	IBISU211111_Angara_GR_EveA061_SA	Alexandra Saranchina and Yaroslav Rzhechitskiy	2021	Russia: Angara river, Irkutsk, Glazkovskij bridge, right bank	52.288556 N, 104.266944 E	CCTAYCTGGTTGATCCTGCCAGT	CGCGGCTGCTGGCACCAGAC
IBISU211111_Angara_GR_EveA062_SA_18S	Eulimnogammarus verrucosus	IBISU211111_Angara_GR_EveA062_SA	Alexandra Saranchina and Yaroslav Rzhechitskiy	2021	Russia: Angara river, Irkutsk, Glazkovskij bridge, right bank	52.288556 N, 104.266944 E	CCTAYCTGGTTGATCCTGCCAGT	CGCGGCTGCTGGCACCAGAC
IBISU211111_Angara_GR_EveA063_SA_18S	Eulimnogammarus verrucosus	IBISU211111_Angara_GR_EveA063_SA	Alexandra Saranchina and Yaroslav Rzhechitskiy	2021	Russia: Angara river, Irkutsk, Glazkovskij bridge, right bank	52.288556 N, 104.266944 E	CCTAYCTGGTTGATCCTGCCAGT	CGCGGCTGCTGGCACCAGAC
IBISU211117_Angara_GL_EveA064_SA_18S	Eulimnogammarus verrucosus	IBISU211117_Angara_GL_EveA064_SA	Alexandra Saranchina and Andrei Mutin	2021	Russia: Angara river, Irkutsk, Glazkovskij bridge, left bank	52.288889 N, 104.262611 E	CCTAYCTGGTTGATCCTGCCAGT	CGCGGCTGCTGGCACCAGAC
IBISU211117_Angara_GL_EveA065_SA_18S	Eulimnogammarus verrucosus	IBISU211117_Angara_GL_EveA065_SA	Alexandra Saranchina and Andrei Mutin	2021	Russia: Angara river, Irkutsk, Glazkovskij bridge, left bank	52.288889 N, 104.262611 E	CCTAYCTGGTTGATCCTGCCAGT	CGCGGCTGCTGGCACCAGAC
IBISU211117_Angara_GL_EveA066_SA_18S	Eulimnogammarus verrucosus	IBISU211117_Angara_GL_EveA066_SA	Alexandra Saranchina and Andrei Mutin	2021	Russia: Angara river, Irkutsk, Glazkovskij bridge, left bank	52.288889 N, 104.262611 E	CCTAYCTGGTTGATCCTGCCAGT	CGCGGCTGCTGGCACCAGAC
IBISU211117_Angara_GL_EveA067_SA_18S	Eulimnogammarus verrucosus	IBISU211117_Angara_GL_EveA067_SA	Alexandra Saranchina and Andrei Mutin	2021	Russia: Angara river, Irkutsk, Glazkovskij bridge, left bank	52.288889 N, 104.262611 E	CCTAYCTGGTTGATCCTGCCAGT	CGCGGCTGCTGGCACCAGAC
IBISU211117_Angara_GL_EveA072_SA_18S	Eulimnogammarus verrucosus	IBISU211117_Angara_GL_EveA072_SA	Alexandra Saranchina and Andrei Mutin	2021	Russia: Angara river, Irkutsk, Glazkovskij bridge, left bank	52.288889 N, 104.262611 E	CCTAYCTGGTTGATCCTGCCAGT	CGCGGCTGCTGGCACCAGAC
IBISU211117_Angara_GL_EveA073_SA_18S	Eulimnogammarus verrucosus	IBISU211117_Angara_GL_EveA073_SA	Alexandra Saranchina and Andrei Mutin	2021	Russia: Angara river, Irkutsk, Glazkovskij bridge, left bank	52.288889 N, 104.262611 E	CCTAYCTGGTTGATCCTGCCAGT	CGCGGCTGCTGGCACCAGAC
IBISU211117_Angara_GL_EveA085_SA_18S	Eulimnogammarus verrucosus	IBISU211117_Angara_GL_EveA085_SA	Alexandra Saranchina and Andrei Mutin	2021	Russia: Angara river, Irkutsk, Glazkovskij bridge, left bank	52.288889 N, 104.262611 E	CCTAYCTGGTTGATCCTGCCAGT	CGCGGCTGCTGGCACCAGAC
IBISU211117_Angara_GL_EveA086_SA_18S	Eulimnogammarus verrucosus	IBISU211117_Angara_GL_EveA086_SA	Alexandra Saranchina and Andrei Mutin	2021	Russia: Angara river, Irkutsk, Glazkovskij bridge, left bank	52.288889 N, 104.262611 E	CCTAYCTGGTTGATCCTGCCAGT	CGCGGCTGCTGGCACCAGAC
IBISU211117_Angara_GL_EveA099_SA_18S	Eulimnogammarus verrucosus	IBISU211117_Angara_GL_EveA099_SA	Alexandra Saranchina and Andrei Mutin	2021	Russia: Angara river, Irkutsk, Glazkovskij bridge, left bank	52.288889 N, 104.262611 E	CCTAYCTGGTTGATCCTGCCAGT	CGCGGCTGCTGGCACCAGAC
IBISU211117_Angara_GL_EveA102_SA_18S	Eulimnogammarus verrucosus	IBISU211117_Angara_GL_EveA102_SA	Alexandra Saranchina and Andrei Mutin	2021	Russia: Angara river, Irkutsk, Glazkovskij bridge, left bank	52.288889 N, 104.262611 E	CCTAYCTGGTTGATCCTGCCAGT	CGCGGCTGCTGGCACCAGAC
IBISU211118_Angara_BL_EveA103_SA_18S	Eulimnogammarus verrucosus	IBISU211118_Angara_BL_EveA103_SA	Alexandra Saranchina and Yaroslav Rzhechitskiy	2021	Russia: Angara river, Irkutsk, between the bridges, left bank	52.282444 N, 104.261889 E	CCTAYCTGGTTGATCCTGCCAGT	CGCGGCTGCTGGCACCAGAC
IBISU211118_Angara_BL_EveA104_SA_18S	Eulimnogammarus verrucosus	IBISU211118_Angara_BL_EveA104_SA	Alexandra Saranchina and Yaroslav Rzhechitskiy	2021	Russia: Angara river, Irkutsk, between the bridges, left bank	52.282444 N, 104.261889 E	CCTAYCTGGTTGATCCTGCCAGT	CGCGGCTGCTGGCACCAGAC
IBISU211118_Angara_BL_EveA105_SA_18S	Eulimnogammarus verrucosus	IBISU211118_Angara_BL_EveA105_SA	Alexandra Saranchina and Yaroslav Rzhechitskiy	2021	Russia: Angara river, Irkutsk, between the bridges, left bank	52.282444 N, 104.261889 E	CCTAYCTGGTTGATCCTGCCAGT	CGCGGCTGCTGGCACCAGAC
IBISU211118_Angara_BL_EveA106_SA_18S	Eulimnogammarus verrucosus	IBISU211118_Angara_BL_EveA106_SA	Alexandra Saranchina and Yaroslav Rzhechitskiy	2021	Russia: Angara river, Irkutsk, between the bridges, left bank	52.282444 N, 104.261889 E	CCTAYCTGGTTGATCCTGCCAGT	CGCGGCTGCTGGCACCAGAC
IBISU211118_Angara_BL_EveA107_SA_18S	Eulimnogammarus verrucosus	IBISU211118_Angara_BL_EveA107_SA	Alexandra Saranchina and Yaroslav Rzhechitskiy	2021	Russia: Angara river, Irkutsk, between the bridges, left bank	52.282444 N, 104.261889 E	CCTAYCTGGTTGATCCTGCCAGT	CGCGGCTGCTGGCACCAGAC
IBISU211118_Angara_BL_AmspA007_SA_18S	Eulimnogammarus verrucosus	IBISU211118_Angara_BL_AmspA007_SA	Alexandra Saranchina and Yaroslav Rzhechitskiy	2021	Russia: Angara river, Irkutsk, between the bridges, left bank	52.282444 N, 104.261889 E	CCTAYCTGGTTGATCCTGCCAGT	CGCGGCTGCTGGCACCAGAC
IBISU211118_Angara_BL_AmspA009_SA_18S	Eulimnogammarus verrucosus	IBISU211118_Angara_BL_AmspA009_SA	Alexandra Saranchina and Yaroslav Rzhechitskiy	2021	Russia: Angara river, Irkutsk, between the bridges, left bank	52.282444 N, 104.261889 E	CCTAYCTGGTTGATCCTGCCAGT	CGCGGCTGCTGGCACCAGAC
IBISU211118_Angara_BL_AmspA010_SA_18S	Eulimnogammarus verrucosus	IBISU211118_Angara_BL_AmspA010_SA	Alexandra Saranchina and Yaroslav Rzhechitskiy	2021	Russia: Angara river, Irkutsk, between the bridges, left bank	52.282444 N, 104.261889 E	CCTAYCTGGTTGATCCTGCCAGT	CGCGGCTGCTGGCACCAGAC
IBISU211118_Angara_BL_AmspA013_SA_18S	Eulimnogammarus verrucosus	IBISU211118_Angara_BL_AmspA013_SA	Alexandra Saranchina and Yaroslav Rzhechitskiy	2021	Russia: Angara river, Irkutsk, between the bridges, left bank	52.282444 N, 104.261889 E	CCTAYCTGGTTGATCCTGCCAGT	CGCGGCTGCTGGCACCAGAC
IBISU211118_Angara_AL_EveA108_SA_18S	Eulimnogammarus verrucosus	IBISU211118_Angara_AL_EveA108_SA	Alexandra Saranchina and Yaroslav Rzhechitskiy	2021	Russia: Angara river, Irkutsk, Akademicheskij bridge, left bank	52.254417 N, 104.278528 E	CCTAYCTGGTTGATCCTGCCAGT	CGCGGCTGCTGGCACCAGAC
IBISU211118_Angara_AL_EveA109_SA_18S	Eulimnogammarus verrucosus	IBISU211118_Angara_AL_EveA109_SA	Alexandra Saranchina and Yaroslav Rzhechitskiy	2021	Russia: Angara river, Irkutsk, Akademicheskij bridge, left bank	52.254417 N, 104.278528 E	CCTAYCTGGTTGATCCTGCCAGT	CGCGGCTGCTGGCACCAGAC
IBISU211118_Angara_AL_EveA111_SA_18S	Eulimnogammarus verrucosus	IBISU211118_Angara_AL_EveA111_SA	Alexandra Saranchina and Yaroslav Rzhechitskiy	2021	Russia: Angara river, Irkutsk, Akademicheskij bridge, left bank	52.254417 N, 104.278528 E	CCTAYCTGGTTGATCCTGCCAGT	CGCGGCTGCTGGCACCAGAC
IBISU211118_Angara_AL_EveA112_SA_18S	Eulimnogammarus verrucosus	IBISU211118_Angara_AL_EveA112_SA	Alexandra Saranchina and Yaroslav Rzhechitskiy	2021	Russia: Angara river, Irkutsk, Akademicheskij bridge, left bank	52.254417 N, 104.278528 E	CCTAYCTGGTTGATCCTGCCAGT	CGCGGCTGCTGGCACCAGAC
IBISU211118_Angara_AL_EveA113_SA_18S	Eulimnogammarus verrucosus	IBISU211118_Angara_AL_EveA113_SA	Alexandra Saranchina and Yaroslav Rzhechitskiy	2021	Russia: Angara river, Irkutsk, Akademicheskij bridge, left bank	52.254417 N, 104.278528 E	CCTAYCTGGTTGATCCTGCCAGT	CGCGGCTGCTGGCACCAGAC
IBISU211118_Angara_AL_EveA138_SA_18S	Eulimnogammarus verrucosus	IBISU211118_Angara_AL_EveA138_SA	Alexandra Saranchina and Yaroslav Rzhechitskiy	2021	Russia: Angara river, Irkutsk, Akademicheskij bridge, left bank	52.254417 N, 104.278528 E	CCTAYCTGGTTGATCCTGCCAGT	CGCGGCTGCTGGCACCAGAC
IBISU211118_Angara_AL_EveA139_SA_18S	Eulimnogammarus verrucosus	IBISU211118_Angara_AL_EveA139_SA	Alexandra Saranchina and Yaroslav Rzhechitskiy	2021	Russia: Angara river, Irkutsk, Akademicheskij bridge, left bank	52.254417 N, 104.278528 E	CCTAYCTGGTTGATCCTGCCAGT	CGCGGCTGCTGGCACCAGAC
IBISU211118_Angara_AL_EveA149_SA_18S	Eulimnogammarus verrucosus	IBISU211118_Angara_AL_EveA149_SA	Alexandra Saranchina and Yaroslav Rzhechitskiy	2021	Russia: Angara river, Irkutsk, Akademicheskij bridge, left bank	52.254417 N, 104.278528 E	CCTAYCTGGTTGATCCTGCCAGT	CGCGGCTGCTGGCACCAGAC
IBISU211118_Angara_AL_EveA150_SA_18S	Eulimnogammarus verrucosus	IBISU211118_Angara_AL_EveA150_SA	Alexandra Saranchina and Yaroslav Rzhechitskiy	2021	Russia: Angara river, Irkutsk, Akademicheskij bridge, left bank	52.254417 N, 104.278528 E	CCTAYCTGGTTGATCCTGCCAGT	CGCGGCTGCTGGCACCAGAC
IBISU211118_Angara_AL_EveA151_SA_18S	Eulimnogammarus verrucosus	IBISU211118_Angara_AL_EveA151_SA	Alexandra Saranchina and Yaroslav Rzhechitskiy	2021	Russia: Angara river, Irkutsk, Akademicheskij bridge, left bank	52.254417 N, 104.278528 E	CCTAYCTGGTTGATCCTGCCAGT	CGCGGCTGCTGGCACCAGAC
IBISU211125_Angara_Ya_EveA154_SA_18S	Eulimnogammarus verrucosus	IBISU211125_Angara_Ya_EveA154_SA	Alexandra Saranchina and Andrei Mutin	2021	Russia: Angara river, Irkutsk, Yakobi beach	52.233611 N, 104.319111 E	CCTAYCTGGTTGATCCTGCCAGT	CGCGGCTGCTGGCACCAGAC
IBISU211125_Angara_Ya_EveA155_SA_18S	Eulimnogammarus verrucosus	IBISU211125_Angara_Ya_EveA155_SA	Alexandra Saranchina and Andrei Mutin	2021	Russia: Angara river, Irkutsk, Yakobi beach	52.233611 N, 104.319111 E	CCTAYCTGGTTGATCCTGCCAGT	CGCGGCTGCTGGCACCAGAC
IBISU211125_Angara_Ya_EveA156_SA_18S	Eulimnogammarus verrucosus	IBISU211125_Angara_Ya_EveA156_SA	Alexandra Saranchina and Andrei Mutin	2021	Russia: Angara river, Irkutsk, Yakobi beach	52.233611 N, 104.319111 E	CCTAYCTGGTTGATCCTGCCAGT	CGCGGCTGCTGGCACCAGAC
IBISU211125_Angara_Ya_EveA157_SA_18S	Eulimnogammarus verrucosus	IBISU211125_Angara_Ya_EveA157_SA	Alexandra Saranchina and Andrei Mutin	2021	Russia: Angara river, Irkutsk, Yakobi beach	52.233611 N, 104.319111 E	CCTAYCTGGTTGATCCTGCCAGT	CGCGGCTGCTGGCACCAGAC
IBISU211125_Angara_Ya_EveA199_SA_18S	Eulimnogammarus verrucosus	IBISU211125_Angara_Ya_EveA199_SA	Alexandra Saranchina and Andrei Mutin	2021	Russia: Angara river, Irkutsk, Yakobi beach	52.233611 N, 104.319111 E	CCTAYCTGGTTGATCCTGCCAGT	CGCGGCTGCTGGCACCAGAC
IBISU211125_Angara_Ya_EveA200_SA_18S	Eulimnogammarus verrucosus	IBISU211125_Angara_Ya_EveA200_SA	Alexandra Saranchina and Andrei Mutin	2021	Russia: Angara river, Irkutsk, Yakobi beach	52.233611 N, 104.319111 E	CCTAYCTGGTTGATCCTGCCAGT	CGCGGCTGCTGGCACCAGAC
IBISU211125_Angara_Ya_AmspA107_SA_18S	Eulimnogammarus verrucosus	IBISU211125_Angara_Ya_AmspA107_SA	Alexandra Saranchina and Andrei Mutin	2021	Russia: Angara river, Irkutsk, Yakobi beach	52.233611 N, 104.319111 E	CCTAYCTGGTTGATCCTGCCAGT	CGCGGCTGCTGGCACCAGAC
IBISU211125_Angara_Ya_AmspA108_SA_18S	Eulimnogammarus verrucosus	IBISU211125_Angara_Ya_AmspA108_SA	Alexandra Saranchina and Andrei Mutin	2021	Russia: Angara river, Irkutsk, Yakobi beach	52.233611 N, 104.319111 E	CCTAYCTGGTTGATCCTGCCAGT	CGCGGCTGCTGGCACCAGAC
IBISU211125_Angara_Ya_AmspA109_SA_18S	Eulimnogammarus verrucosus	IBISU211125_Angara_Ya_AmspA109_SA	Alexandra Saranchina and Andrei Mutin	2021	Russia: Angara river, Irkutsk, Yakobi beach	52.233611 N, 104.319111 E	CCTAYCTGGTTGATCCTGCCAGT	CGCGGCTGCTGGCACCAGAC
IBISU211125_Angara_Ya_AmspA110_SA_18S	Eulimnogammarus verrucosus	IBISU211125_Angara_Ya_AmspA110_SA	Alexandra Saranchina and Andrei Mutin	2021	Russia: Angara river, Irkutsk, Yakobi beach	52.233611 N, 104.319111 E	CCTAYCTGGTTGATCCTGCCAGT	CGCGGCTGCTGGCACCAGAC
IBISU211125_Angara_Ya_AmspA111_SA_18S	Eulimnogammarus verrucosus	IBISU211125_Angara_Ya_AmspA111_SA	Alexandra Saranchina and Andrei Mutin	2021	Russia: Angara river, Irkutsk, Yakobi beach	52.233611 N, 104.319111 E	CCTAYCTGGTTGATCCTGCCAGT	CGCGGCTGCTGGCACCAGAC
IBISU211125_Angara_To_EveA163_SA_18S	Eulimnogammarus verrucosus	IBISU211125_Angara_To_EveA163_SA	Alexandra Saranchina and Andrei Mutin	2021	Russia: Angara river, Irkutsk, Teplye ozera	52.243417 N, 104.307778 E	CCTAYCTGGTTGATCCTGCCAGT	CGCGGCTGCTGGCACCAGAC
IBISU211125_Angara_To_EveA164_SA_18S	Eulimnogammarus verrucosus	IBISU211125_Angara_To_EveA164_SA	Alexandra Saranchina and Andrei Mutin	2021	Russia: Angara river, Irkutsk, Teplye ozera	52.243417 N, 104.307778 E	CCTAYCTGGTTGATCCTGCCAGT	CGCGGCTGCTGGCACCAGAC
IBISU211125_Angara_To_EveA165_SA_18S	Eulimnogammarus verrucosus	IBISU211125_Angara_To_EveA165_SA	Alexandra Saranchina and Andrei Mutin	2021	Russia: Angara river, Irkutsk, Teplye ozera	52.243417 N, 104.307778 E	CCTAYCTGGTTGATCCTGCCAGT	CGCGGCTGCTGGCACCAGAC
IBISU211125_Angara_To_EveA166_SA_18S	Eulimnogammarus verrucosus	IBISU211125_Angara_To_EveA166_SA	Alexandra Saranchina and Andrei Mutin	2021	Russia: Angara river, Irkutsk, Teplye ozera	52.243417 N, 104.307778 E	CCTAYCTGGTTGATCCTGCCAGT	CGCGGCTGCTGGCACCAGAC
IBISU211125_Angara_To_EveA170_SA_18S	Eulimnogammarus verrucosus	IBISU211125_Angara_To_EveA170_SA	Alexandra Saranchina and Andrei Mutin	2021	Russia: Angara river, Irkutsk, Teplye ozera	52.243417 N, 104.307778 E	CCTAYCTGGTTGATCCTGCCAGT	CGCGGCTGCTGGCACCAGAC
IBISU211125_Angara_To_EveA171_SA_18S	Eulimnogammarus verrucosus	IBISU211125_Angara_To_EveA171_SA	Alexandra Saranchina and Andrei Mutin	2021	Russia: Angara river, Irkutsk, Teplye ozera	52.243417 N, 104.307778 E	CCTAYCTGGTTGATCCTGCCAGT	CGCGGCTGCTGGCACCAGAC
IBISU211125_Angara_To_EveA172_SA_18S	Eulimnogammarus verrucosus	IBISU211125_Angara_To_EveA172_SA	Alexandra Saranchina and Andrei Mutin	2021	Russia: Angara river, Irkutsk, Teplye ozera	52.243417 N, 104.307778 E	CCTAYCTGGTTGATCCTGCCAGT	CGCGGCTGCTGGCACCAGAC
IBISU211125_Angara_To_EveA177_SA_18S	Eulimnogammarus verrucosus	IBISU211125_Angara_To_EveA177_SA	Alexandra Saranchina and Andrei Mutin	2021	Russia: Angara river, Irkutsk, Teplye ozera	52.243417 N, 104.307778 E	CCTAYCTGGTTGATCCTGCCAGT	CGCGGCTGCTGGCACCAGAC
IBISU211125_Angara_To_EveA178_SA_18S	Eulimnogammarus verrucosus	IBISU211125_Angara_To_EveA178_SA	Alexandra Saranchina and Andrei Mutin	2021	Russia: Angara river, Irkutsk, Teplye ozera	52.243417 N, 104.307778 E	CCTAYCTGGTTGATCCTGCCAGT	CGCGGCTGCTGGCACCAGAC
IBISU211125_Angara_To_EveA197_SA_18S	Eulimnogammarus verrucosus	IBISU211125_Angara_To_EveA197_SA	Alexandra Saranchina and Andrei Mutin	2021	Russia: Angara river, Irkutsk, Teplye ozera	52.243417 N, 104.307778 E	CCTAYCTGGTTGATCCTGCCAGT	CGCGGCTGCTGGCACCAGAC
IBISU211125_Angara_To_AmspA056_SA_18S	Eulimnogammarus verrucosus	IBISU211125_Angara_To_AmspA056_SA	Alexandra Saranchina and Andrei Mutin	2021	Russia: Angara river, Irkutsk, Teplye ozera	52.243417 N, 104.307778 E	CCTAYCTGGTTGATCCTGCCAGT	CGCGGCTGCTGGCACCAGAC
IBISU211126_Angara_So_EveA153_SA_18S	Eulimnogammarus verrucosus	IBISU211126_Angara_So_EveA153_SA	Alexandra Saranchina and Yaroslav Rzhechitskiy	2021	Russia: Angara river, Irkuts, Solnechnyj district, pier Raketa	52.244361 N, 104.350917 E	CCTAYCTGGTTGATCCTGCCAGT	CGCGGCTGCTGGCACCAGAC
IBISU211126_Angara_So_AmspA033_SA_18S	Eulimnogammarus verrucosus	IBISU211126_Angara_So_AmspA033_SA	Alexandra Saranchina and Yaroslav Rzhechitskiy	2021	Russia: Angara river, Irkuts, Solnechnyj district, pier Raketa	52.244361 N, 104.350917 E	CCTAYCTGGTTGATCCTGCCAGT	CGCGGCTGCTGGCACCAGAC
IBISU211126_Angara_So_AmspA034_SA_18S	Eulimnogammarus verrucosus	IBISU211126_Angara_So_AmspA034_SA	Alexandra Saranchina and Yaroslav Rzhechitskiy	2021	Russia: Angara river, Irkuts, Solnechnyj district, pier Raketa	52.244361 N, 104.350917 E	CCTAYCTGGTTGATCCTGCCAGT	CGCGGCTGCTGGCACCAGAC
IBISU211126_Angara_So_AmspA035_SA_18S	Eulimnogammarus verrucosus	IBISU211126_Angara_So_AmspA035_SA	Alexandra Saranchina and Yaroslav Rzhechitskiy	2021	Russia: Angara river, Irkuts, Solnechnyj district, pier Raketa	52.244361 N, 104.350917 E	CCTAYCTGGTTGATCCTGCCAGT	CGCGGCTGCTGGCACCAGAC
IBISU211126_Angara_So_AmspA036_SA_18S	Eulimnogammarus verrucosus	IBISU211126_Angara_So_AmspA036_SA	Alexandra Saranchina and Yaroslav Rzhechitskiy	2021	Russia: Angara river, Irkuts, Solnechnyj district, pier Raketa	52.244361 N, 104.350917 E	CCTAYCTGGTTGATCCTGCCAGT	CGCGGCTGCTGGCACCAGAC
IBISU211126_Angara_So_AmspA038_SA_18S	Eulimnogammarus verrucosus	IBISU211126_Angara_So_AmspA038_SA	Alexandra Saranchina and Yaroslav Rzhechitskiy	2021	Russia: Angara river, Irkuts, Solnechnyj district, pier Raketa	52.244361 N, 104.350917 E	CCTAYCTGGTTGATCCTGCCAGT	CGCGGCTGCTGGCACCAGAC
IBISU211126_Angara_So_AmspA039_SA_18S	Eulimnogammarus verrucosus	IBISU211126_Angara_So_AmspA039_SA	Alexandra Saranchina and Yaroslav Rzhechitskiy	2021	Russia: Angara river, Irkuts, Solnechnyj district, pier Raketa	52.244361 N, 104.350917 E	CCTAYCTGGTTGATCCTGCCAGT	CGCGGCTGCTGGCACCAGAC
IBISU221030_Angara_So_EveA240_SA_18S	Eulimnogammarus verrucosus	IBISU221030_Angara_So_EveA240_SA	Alexandra Saranchina and Yaroslav Rzhechitskiy	2022	Russia: Angara river, Irkuts, Solnechnyj district, pier Raketa	52.244361 N, 104.350917 E	CCTAYCTGGTTGATCCTGCCAGT	CGCGGCTGCTGGCACCAGAC
IBISU221030_Angara_So_EveA241_SA_18S	Eulimnogammarus verrucosus	IBISU221030_Angara_So_EveA241_SA	Alexandra Saranchina and Yaroslav Rzhechitskiy	2022	Russia: Angara river, Irkuts, Solnechnyj district, pier Raketa	52.244361 N, 104.350917 E	CCTAYCTGGTTGATCCTGCCAGT	CGCGGCTGCTGGCACCAGAC
IBISU211126_Angara_Vn_AmspA085_SA_18S	Eulimnogammarus verrucosus	IBISU211126_Angara_Vn_AmspA085_SA	Alexandra Saranchina and Yaroslav Rzhechitskiy	2021	Russia: Angara river, Irkutsk, Verhnyaya naberezhnaya street	52.251139 N, 104.320639 E	CCTAYCTGGTTGATCCTGCCAGT	CGCGGCTGCTGGCACCAGAC
IBISU211126_Angara_Vn_AmspA086_SA_18S	Eulimnogammarus verrucosus	IBISU211126_Angara_Vn_AmspA086_SA	Alexandra Saranchina and Yaroslav Rzhechitskiy	2021	Russia: Angara river, Irkutsk, Verhnyaya naberezhnaya street	52.251139 N, 104.320639 E	CCTAYCTGGTTGATCCTGCCAGT	CGCGGCTGCTGGCACCAGAC
IBISU211126_Angara_Vn_AmspA087_SA_18S	Eulimnogammarus verrucosus	IBISU211126_Angara_Vn_AmspA087_SA	Alexandra Saranchina and Yaroslav Rzhechitskiy	2021	Russia: Angara river, Irkutsk, Verhnyaya naberezhnaya street	52.251139 N, 104.320639 E	CCTAYCTGGTTGATCCTGCCAGT	CGCGGCTGCTGGCACCAGAC
IBISU211126_Angara_Vn_AmspA088_SA_18S	Eulimnogammarus verrucosus	IBISU211126_Angara_Vn_AmspA088_SA	Alexandra Saranchina and Yaroslav Rzhechitskiy	2021	Russia: Angara river, Irkutsk, Verhnyaya naberezhnaya street	52.251139 N, 104.320639 E	CCTAYCTGGTTGATCCTGCCAGT	CGCGGCTGCTGGCACCAGAC
IBISU211126_Angara_Vn_AmspA089_SA_18S	Eulimnogammarus verrucosus	IBISU211126_Angara_Vn_AmspA089_SA	Alexandra Saranchina and Yaroslav Rzhechitskiy	2021	Russia: Angara river, Irkutsk, Verhnyaya naberezhnaya street	52.251139 N, 104.320639 E	CCTAYCTGGTTGATCCTGCCAGT	CGCGGCTGCTGGCACCAGAC
IBISU211126_Angara_Vn_AmspA093_SA_18S	Eulimnogammarus verrucosus	IBISU211126_Angara_Vn_AmspA093_SA	Alexandra Saranchina and Yaroslav Rzhechitskiy	2021	Russia: Angara river, Irkutsk, Verhnyaya naberezhnaya street	52.251139 N, 104.320639 E	CCTAYCTGGTTGATCCTGCCAGT	CGCGGCTGCTGGCACCAGAC
IBISU211126_Angara_Vn_AmspA095_SA_18S	Eulimnogammarus verrucosus	IBISU211126_Angara_Vn_AmspA095_SA	Alexandra Saranchina and Yaroslav Rzhechitskiy	2021	Russia: Angara river, Irkutsk, Verhnyaya naberezhnaya street	52.251139 N, 104.320639 E	CCTAYCTGGTTGATCCTGCCAGT	CGCGGCTGCTGGCACCAGAC
IBISU211126_Angara_Vn_AmspA096_SA_18S	Eulimnogammarus verrucosus	IBISU211126_Angara_Vn_AmspA096_SA	Alexandra Saranchina and Yaroslav Rzhechitskiy	2021	Russia: Angara river, Irkutsk, Verhnyaya naberezhnaya street	52.251139 N, 104.320639 E	CCTAYCTGGTTGATCCTGCCAGT	CGCGGCTGCTGGCACCAGAC
IBISU211126_Angara_Vn_AmspA099_SA_18S	Eulimnogammarus verrucosus	IBISU211126_Angara_Vn_AmspA099_SA	Alexandra Saranchina and Yaroslav Rzhechitskiy	2021	Russia: Angara river, Irkutsk, Verhnyaya naberezhnaya street	52.251139 N, 104.320639 E	CCTAYCTGGTTGATCCTGCCAGT	CGCGGCTGCTGGCACCAGAC
IBISU211126_Angara_Vn_AmspA100_SA_18S	Eulimnogammarus verrucosus	IBISU211126_Angara_Vn_AmspA100_SA	Alexandra Saranchina and Yaroslav Rzhechitskiy	2021	Russia: Angara river, Irkutsk, Verhnyaya naberezhnaya street	52.251139 N, 104.320639 E	CCTAYCTGGTTGATCCTGCCAGT	CGCGGCTGCTGGCACCAGAC
IBISU220710_Angara_Ni_EveA211_SA_18S	Eulimnogammarus verrucosus	IBISU220710_Angara_Ni_EveA211_SA	Polina Drozdova and Anton Gurkov	2022	Russia: Angara river, Nikola settlement	51.892111 N, 104.822944 E	CCTAYCTGGTTGATCCTGCCAGT	CGCGGCTGCTGGCACCAGAC
IBISU220710_Angara_Ni_EveA212_SA_18S	Eulimnogammarus verrucosus	IBISU220710_Angara_Ni_EveA212_SA	Polina Drozdova and Anton Gurkov	2022	Russia: Angara river, Nikola settlement	51.892111 N, 104.822944 E	CCTAYCTGGTTGATCCTGCCAGT	CGCGGCTGCTGGCACCAGAC
IBISU220710_Angara_Ni_EveA213_SA_18S	Eulimnogammarus verrucosus	IBISU220710_Angara_Ni_EveA213_SA	Polina Drozdova and Anton Gurkov	2022	Russia: Angara river, Nikola settlement	51.892111 N, 104.822944 E	CCTAYCTGGTTGATCCTGCCAGT	CGCGGCTGCTGGCACCAGAC
IBISU220710_Angara_Ni_EveA214_SA_18S	Eulimnogammarus verrucosus	IBISU220710_Angara_Ni_EveA214_SA	Polina Drozdova and Anton Gurkov	2022	Russia: Angara river, Nikola settlement	51.892111 N, 104.822944 E	CCTAYCTGGTTGATCCTGCCAGT	CGCGGCTGCTGGCACCAGAC
IBISU220710_Angara_Ni_EveA215_SA_18S	Eulimnogammarus verrucosus	IBISU220710_Angara_Ni_EveA215_SA	Polina Drozdova and Anton Gurkov	2022	Russia: Angara river, Nikola settlement	51.892111 N, 104.822944 E	CCTAYCTGGTTGATCCTGCCAGT	CGCGGCTGCTGGCACCAGAC
IBISU220710_Angara_Ni_EveA216_SA_18S	Eulimnogammarus verrucosus	IBISU220710_Angara_Ni_EveA216_SA	Polina Drozdova and Anton Gurkov	2022	Russia: Angara river, Nikola settlement	51.892111 N, 104.822944 E	CCTAYCTGGTTGATCCTGCCAGT	CGCGGCTGCTGGCACCAGAC
IBISU220710_Angara_Ni_EveA217_SA_18S	Eulimnogammarus verrucosus	IBISU220710_Angara_Ni_EveA217_SA	Polina Drozdova and Anton Gurkov	2022	Russia: Angara river, Nikola settlement	51.892111 N, 104.822944 E	CCTAYCTGGTTGATCCTGCCAGT	CGCGGCTGCTGGCACCAGAC
IBISU220710_Angara_Ni_EveA218_SA_18S	Eulimnogammarus verrucosus	IBISU220710_Angara_Ni_EveA218_SA	Polina Drozdova and Anton Gurkov	2022	Russia: Angara river, Nikola settlement	51.892111 N, 104.822944 E	CCTAYCTGGTTGATCCTGCCAGT	CGCGGCTGCTGGCACCAGAC
IBISU220710_Angara_Ni_EveA219_SA_18S	Eulimnogammarus verrucosus	IBISU220710_Angara_Ni_EveA219_SA	Polina Drozdova and Anton Gurkov	2022	Russia: Angara river, Nikola settlement	51.892111 N, 104.822944 E	CCTAYCTGGTTGATCCTGCCAGT	CGCGGCTGCTGGCACCAGAC
IBISU220710_Angara_Ni_EveA220_SA_18S	Eulimnogammarus verrucosus	IBISU220710_Angara_Ni_EveA220_SA	Polina Drozdova and Anton Gurkov	2022	Russia: Angara river, Nikola settlement	51.892111 N, 104.822944 E	CCTAYCTGGTTGATCCTGCCAGT	CGCGGCTGCTGGCACCAGAC
IBISU220723_Angara_Kr_AmspA167_SA_18S	Eulimnogammarus verrucosus	IBISU220723_Angara_Kr_AmspA167_SA	Polina Drozdova and Anton Gurkov	2022	Russia: Angara river, Bratsk, Krylatyj tupik	56.163250 N, 101.697806 E	CCTAYCTGGTTGATCCTGCCAGT	CGCGGCTGCTGGCACCAGAC
IBISU220723_Angara_Kr_AmspA168_SA_18S	Eulimnogammarus verrucosus	IBISU220723_Angara_Kr_AmspA168_SA	Polina Drozdova and Anton Gurkov	2022	Russia: Angara river, Bratsk, Krylatyj tupik	56.163250 N, 101.697806 E	CCTAYCTGGTTGATCCTGCCAGT	CGCGGCTGCTGGCACCAGAC
IBISU220723_Angara_Kr_AmspA169_SA_18S	Eulimnogammarus verrucosus	IBISU220723_Angara_Kr_AmspA169_SA	Polina Drozdova and Anton Gurkov	2022	Russia: Angara river, Bratsk, Krylatyj tupik	56.163250 N, 101.697806 E	CCTAYCTGGTTGATCCTGCCAGT	CGCGGCTGCTGGCACCAGAC
IBISU220723_Angara_Kr_AmspA169a_SA_18S	Eulimnogammarus verrucosus	IBISU220723_Angara_Kr_AmspA169a_SA	Polina Drozdova and Anton Gurkov	2022	Russia: Angara river, Bratsk, Krylatyj tupik	56.163250 N, 101.697806 E	CCTAYCTGGTTGATCCTGCCAGT	CGCGGCTGCTGGCACCAGAC
IBISU220723_Angara_Kr_AmspA170_SA_18S	Eulimnogammarus verrucosus	IBISU220723_Angara_Kr_AmspA170_SA	Polina Drozdova and Anton Gurkov	2022	Russia: Angara river, Bratsk, Krylatyj tupik	56.163250 N, 101.697806 E	CCTAYCTGGTTGATCCTGCCAGT	CGCGGCTGCTGGCACCAGAC
IBISU220723_Angara_Kr_AmspA171_SA_18S	Eulimnogammarus verrucosus	IBISU220723_Angara_Kr_AmspA171_SA	Polina Drozdova and Anton Gurkov	2022	Russia: Angara river, Bratsk, Krylatyj tupik	56.163250 N, 101.697806 E	CCTAYCTGGTTGATCCTGCCAGT	CGCGGCTGCTGGCACCAGAC
IBISU220723_Angara_Kr_AmspA172_SA_18S	Eulimnogammarus verrucosus	IBISU220723_Angara_Kr_AmspA172_SA	Polina Drozdova and Anton Gurkov	2022	Russia: Angara river, Bratsk, Krylatyj tupik	56.163250 N, 101.697806 E	CCTAYCTGGTTGATCCTGCCAGT	CGCGGCTGCTGGCACCAGAC
IBISU220723_Angara_Kr_AmspA173_SA_18S	Eulimnogammarus verrucosus	IBISU220723_Angara_Kr_AmspA173_SA	Polina Drozdova and Anton Gurkov	2022	Russia: Angara river, Bratsk, Krylatyj tupik	56.163250 N, 101.697806 E	CCTAYCTGGTTGATCCTGCCAGT	CGCGGCTGCTGGCACCAGAC
IBISU220724_Angara_Pa_AmspA174_SA_18S	Eulimnogammarus verrucosus	IBISU220724_Angara_Pa_AmspA174_SA	Polina Drozdova and Anton Gurkov	2022	Russia: Angara river, Bratsk, Padun	56.286472 N, 101.727417 E	CCTAYCTGGTTGATCCTGCCAGT	CGCGGCTGCTGGCACCAGAC
IBISU220724_Angara_Pa_AmspA175_SA_18S	Eulimnogammarus verrucosus	IBISU220724_Angara_Pa_AmspA175_SA	Polina Drozdova and Anton Gurkov	2022	Russia: Angara river, Bratsk, Padun	56.286472 N, 101.727417 E	CCTAYCTGGTTGATCCTGCCAGT	CGCGGCTGCTGGCACCAGAC
IBISU220724_Angara_Pa_AmspA176_SA_18S	Eulimnogammarus verrucosus	IBISU220724_Angara_Pa_AmspA176_SA	Polina Drozdova and Anton Gurkov	2022	Russia: Angara river, Bratsk, Padun	56.286472 N, 101.727417 E	CCTAYCTGGTTGATCCTGCCAGT	CGCGGCTGCTGGCACCAGAC
IBISU220724_Angara_Pa_AmspA177_SA_18S	Eulimnogammarus verrucosus	IBISU220724_Angara_Pa_AmspA177_SA	Polina Drozdova and Anton Gurkov	2022	Russia: Angara river, Bratsk, Padun	56.286472 N, 101.727417 E	CCTAYCTGGTTGATCCTGCCAGT	CGCGGCTGCTGGCACCAGAC
IBISU220724_Angara_Pa_AmspA178_SA_18S	Eulimnogammarus verrucosus	IBISU220724_Angara_Pa_AmspA178_SA	Polina Drozdova and Anton Gurkov	2022	Russia: Angara river, Bratsk, Padun	56.286472 N, 101.727417 E	CCTAYCTGGTTGATCCTGCCAGT	CGCGGCTGCTGGCACCAGAC
IBISU220724_Angara_Pa_AmspA179_SA_18S	Eulimnogammarus verrucosus	IBISU220724_Angara_Pa_AmspA179_SA	Polina Drozdova and Anton Gurkov	2022	Russia: Angara river, Bratsk, Padun	56.286472 N, 101.727417 E	CCTAYCTGGTTGATCCTGCCAGT	CGCGGCTGCTGGCACCAGAC
IBISU220724_Angara_Pa_AmspA180_SA_18S	Eulimnogammarus verrucosus	IBISU220724_Angara_Pa_AmspA180_SA	Polina Drozdova and Anton Gurkov	2022	Russia: Angara river, Bratsk, Padun	56.286472 N, 101.727417 E	CCTAYCTGGTTGATCCTGCCAGT	CGCGGCTGCTGGCACCAGAC
IBISU220725_Angara_Zy_AmspA189_SA_18S	Eulimnogammarus verrucosus	IBISU220725_Angara_Zy_AmspA189_SA	Polina Drozdova and Anton Gurkov	2022	Russia: Angara river, Bratsk, Zyaba	56.251028 N, 101.818722 E	CCTAYCTGGTTGATCCTGCCAGT	CGCGGCTGCTGGCACCAGAC
IBISU220725_Angara_Zy_AmspA190_SA_18S	Eulimnogammarus verrucosus	IBISU220725_Angara_Zy_AmspA190_SA	Polina Drozdova and Anton Gurkov	2022	Russia: Angara river, Bratsk, Zyaba	56.251028 N, 101.818722 E	CCTAYCTGGTTGATCCTGCCAGT	CGCGGCTGCTGGCACCAGAC
IBISU220725_Angara_Zy_AmspA191_SA_18S	Eulimnogammarus verrucosus	IBISU220725_Angara_Zy_AmspA191_SA	Polina Drozdova and Anton Gurkov	2022	Russia: Angara river, Bratsk, Zyaba	56.251028 N, 101.818722 E	CCTAYCTGGTTGATCCTGCCAGT	CGCGGCTGCTGGCACCAGAC
IBISU220725_Angara_Zy_AmspA192_SA_18S	Eulimnogammarus verrucosus	IBISU220725_Angara_Zy_AmspA192_SA	Polina Drozdova and Anton Gurkov	2022	Russia: Angara river, Bratsk, Zyaba	56.251028 N, 101.818722 E	CCTAYCTGGTTGATCCTGCCAGT	CGCGGCTGCTGGCACCAGAC
IBISU220725_Angara_Zy_AmspA193_SA_18S	Eulimnogammarus verrucosus	IBISU220725_Angara_Zy_AmspA193_SA	Polina Drozdova and Anton Gurkov	2022	Russia: Angara river, Bratsk, Zyaba	56.251028 N, 101.818722 E	CCTAYCTGGTTGATCCTGCCAGT	CGCGGCTGCTGGCACCAGAC
IBISU220725_Angara_Zy_AmspA194_SA_18S	Eulimnogammarus verrucosus	IBISU220725_Angara_Zy_AmspA194_SA	Polina Drozdova and Anton Gurkov	2022	Russia: Angara river, Bratsk, Zyaba	56.251028 N, 101.818722 E	CCTAYCTGGTTGATCCTGCCAGT	CGCGGCTGCTGGCACCAGAC
IBISU220725_Angara_Zy_AmspA195_SA_18S	Eulimnogammarus verrucosus	IBISU220725_Angara_Zy_AmspA195_SA	Polina Drozdova and Anton Gurkov	2022	Russia: Angara river, Bratsk, Zyaba	56.251028 N, 101.818722 E	CCTAYCTGGTTGATCCTGCCAGT	CGCGGCTGCTGGCACCAGAC
IBISU220710_Angara_Ko_EveA201_SA_18S	Eulimnogammarus verrucosus	IBISU220710_Angara_Ko_EveA201_SA	Polina Drozdova and Anton Gurkov	2022	Russia: Angara river, Korolok bay	52.105000 N, 104.549000 E	CCTAYCTGGTTGATCCTGCCAGT	CGCGGCTGCTGGCACCAGAC
IBISU220710_Angara_Ko_EveA202_SA_18S	Eulimnogammarus verrucosus	IBISU220710_Angara_Ko_EveA202_SA	Polina Drozdova and Anton Gurkov	2022	Russia: Angara river, Korolok bay	52.105000 N, 104.549000 E	CCTAYCTGGTTGATCCTGCCAGT	CGCGGCTGCTGGCACCAGAC
IBISU220710_Angara_Ko_EveA203_SA_18S	Eulimnogammarus verrucosus	IBISU220710_Angara_Ko_EveA203_SA	Polina Drozdova and Anton Gurkov	2022	Russia: Angara river, Korolok bay	52.105000 N, 104.549000 E	CCTAYCTGGTTGATCCTGCCAGT	CGCGGCTGCTGGCACCAGAC
IBISU220710_Angara_Ko_EveA204_SA_18S	Eulimnogammarus verrucosus	IBISU220710_Angara_Ko_EveA204_SA	Polina Drozdova and Anton Gurkov	2022	Russia: Angara river, Korolok bay	52.105000 N, 104.549000 E	CCTAYCTGGTTGATCCTGCCAGT	CGCGGCTGCTGGCACCAGAC
IBISU220710_Angara_Ko_EveA205_SA_18S	Eulimnogammarus verrucosus	IBISU220710_Angara_Ko_EveA205_SA	Polina Drozdova and Anton Gurkov	2022	Russia: Angara river, Korolok bay	52.105000 N, 104.549000 E	CCTAYCTGGTTGATCCTGCCAGT	CGCGGCTGCTGGCACCAGAC
IBISU221009_Angara_Ko_EveA221_SA_18S	Eulimnogammarus verrucosus	IBISU221009_Angara_Ko_EveA221_SA	Polina Drozdova and Anton Gurkov	2022	Russia: Angara river, Korolok bay	52.105000 N, 104.549000 E	CCTAYCTGGTTGATCCTGCCAGT	CGCGGCTGCTGGCACCAGAC
IBISU221009_Angara_Ko_EveA222_SA_18S	Eulimnogammarus verrucosus	IBISU221009_Angara_Ko_EveA222_SA	Polina Drozdova and Anton Gurkov	2022	Russia: Angara river, Korolok bay	52.105000 N, 104.549000 E	CCTAYCTGGTTGATCCTGCCAGT	CGCGGCTGCTGGCACCAGAC
IBISU221009_Angara_Ko_EveA223_SA_18S	Eulimnogammarus verrucosus	IBISU221009_Angara_Ko_EveA223_SA	Polina Drozdova and Anton Gurkov	2022	Russia: Angara river, Korolok bay	52.105000 N, 104.549000 E	CCTAYCTGGTTGATCCTGCCAGT	CGCGGCTGCTGGCACCAGAC
IBISU221009_Angara_Ko_EveA224_SA_18S	Eulimnogammarus verrucosus	IBISU221009_Angara_Ko_EveA224_SA	Polina Drozdova and Anton Gurkov	2022	Russia: Angara river, Korolok bay	52.105000 N, 104.549000 E	CCTAYCTGGTTGATCCTGCCAGT	CGCGGCTGCTGGCACCAGAC
IBISU221009_Angara_Ko_EveA225_SA_18S	Eulimnogammarus verrucosus	IBISU221009_Angara_Ko_EveA225_SA	Polina Drozdova and Anton Gurkov	2022	Russia: Angara river, Korolok bay	52.105000 N, 104.549000 E	CCTAYCTGGTTGATCCTGCCAGT	CGCGGCTGCTGGCACCAGAC
IBISU221010_Angara_Sh_EveA232_SA_18S	Eulimnogammarus verrucosus	IBISU221010_Angara_Sh_EveA232_SA	Polina Drozdova and Anton Gurkov	2022	Russia: Angara river, Listvyanka, across from Shaman-kamen'	51.874833 N, 104.829083 E	CCTAYCTGGTTGATCCTGCCAGT	CGCGGCTGCTGGCACCAGAC
IBISU221010_Angara_Sh_EveA233_SA_18S	Eulimnogammarus verrucosus	IBISU221010_Angara_Sh_EveA233_SA	Polina Drozdova and Anton Gurkov	2022	Russia: Angara river, Listvyanka, across from Shaman-kamen'	51.874833 N, 104.829083 E	CCTAYCTGGTTGATCCTGCCAGT	CGCGGCTGCTGGCACCAGAC
IBISU221010_Angara_Sh_EveA234_SA_18S	Eulimnogammarus verrucosus	IBISU221010_Angara_Sh_EveA234_SA	Polina Drozdova and Anton Gurkov	2022	Russia: Angara river, Listvyanka, across from Shaman-kamen'	51.874833 N, 104.829083 E	CCTAYCTGGTTGATCCTGCCAGT	CGCGGCTGCTGGCACCAGAC
IBISU221010_Angara_Sh_EveA235_SA_18S	Eulimnogammarus verrucosus	IBISU221010_Angara_Sh_EveA235_SA	Polina Drozdova and Anton Gurkov	2022	Russia: Angara river, Listvyanka, across from Shaman-kamen'	51.874833 N, 104.829083 E	CCTAYCTGGTTGATCCTGCCAGT	CGCGGCTGCTGGCACCAGAC
IBISU221010_Angara_Sh_EveA237_SA_18S	Eulimnogammarus verrucosus	IBISU221010_Angara_Sh_EveA237_SA	Polina Drozdova and Anton Gurkov	2022	Russia: Angara river, Listvyanka, across from Shaman-kamen'	51.874833 N, 104.829083 E	CCTAYCTGGTTGATCCTGCCAGT	CGCGGCTGCTGGCACCAGAC
IBISU221010_Angara_Sh_EveA238_SA_18S	Eulimnogammarus verrucosus	IBISU221010_Angara_Sh_EveA238_SA	Polina Drozdova and Anton Gurkov	2022	Russia: Angara river, Listvyanka, across from Shaman-kamen'	51.874833 N, 104.829083 E	CCTAYCTGGTTGATCCTGCCAGT	CGCGGCTGCTGGCACCAGAC
IBISU221010_Angara_Sh_EveA239_SA_18S	Eulimnogammarus verrucosus	IBISU221010_Angara_Sh_EveA239_SA	Polina Drozdova and Anton Gurkov	2022	Russia: Angara river, Listvyanka, across from Shaman-kamen'	51.874833 N, 104.829083 E	CCTAYCTGGTTGATCCTGCCAGT	CGCGGCTGCTGGCACCAGAC
IBISU230710_Angara_Mp_AmspA196_SA_18S	Eulimnogammarus verrucosus	IBISU230710_Angara_Mp_AmspA196_SA	Alexandra Saranchina and Vasilyeva Uliana	2023	Russia: Angara river, Mel'nichnaya pad'	52.162473 N, 104.383230 E	CCTAYCTGGTTGATCCTGCCAGT	CGCGGCTGCTGGCACCAGAC
IBISU230710_Angara_Mp_AmspA197_SA_18S	Eulimnogammarus verrucosus	IBISU230710_Angara_Mp_AmspA197_SA	Alexandra Saranchina and Vasilyeva Uliana	2023	Russia: Angara river, Mel'nichnaya pad'	52.162473 N, 104.383230 E	CCTAYCTGGTTGATCCTGCCAGT	CGCGGCTGCTGGCACCAGAC
IBISU230710_Angara_Mp_AmspA198_SA_18S	Eulimnogammarus verrucosus	IBISU230710_Angara_Mp_AmspA198_SA	Alexandra Saranchina and Vasilyeva Uliana	2023	Russia: Angara river, Mel'nichnaya pad'	52.162473 N, 104.383230 E	CCTAYCTGGTTGATCCTGCCAGT	CGCGGCTGCTGGCACCAGAC
IBISU230710_Angara_Mp_AmspA199_SA_18S	Eulimnogammarus verrucosus	IBISU230710_Angara_Mp_AmspA199_SA	Alexandra Saranchina and Vasilyeva Uliana	2023	Russia: Angara river, Mel'nichnaya pad'	52.162473 N, 104.383230 E	CCTAYCTGGTTGATCCTGCCAGT	CGCGGCTGCTGGCACCAGAC
IBISU230710_Angara_Mp_AmspA201_SA_18S	Eulimnogammarus verrucosus	IBISU230710_Angara_Mp_AmspA201_SA	Alexandra Saranchina and Vasilyeva Uliana	2023	Russia: Angara river, Mel'nichnaya pad'	52.162473 N, 104.383230 E	CCTAYCTGGTTGATCCTGCCAGT	CGCGGCTGCTGGCACCAGAC
IBISU230710_Angara_Mp_AmspA202_SA_18S	Eulimnogammarus verrucosus	IBISU230710_Angara_Mp_AmspA202_SA	Alexandra Saranchina and Vasilyeva Uliana	2023	Russia: Angara river, Mel'nichnaya pad'	52.162473 N, 104.383230 E	CCTAYCTGGTTGATCCTGCCAGT	CGCGGCTGCTGGCACCAGAC
IBISU230710_Angara_Mp_AmspA203_SA_18S	Eulimnogammarus verrucosus	IBISU230710_Angara_Mp_AmspA203_SA	Alexandra Saranchina and Vasilyeva Uliana	2023	Russia: Angara river, Mel'nichnaya pad'	52.162473 N, 104.383230 E	CCTAYCTGGTTGATCCTGCCAGT	CGCGGCTGCTGGCACCAGAC
IBISU230710_Angara_Mp_AmspA204_SA_18S	Eulimnogammarus verrucosus	IBISU230710_Angara_Mp_AmspA204_SA	Alexandra Saranchina and Vasilyeva Uliana	2023	Russia: Angara river, Mel'nichnaya pad'	52.162473 N, 104.383230 E	CCTAYCTGGTTGATCCTGCCAGT	CGCGGCTGCTGGCACCAGAC
IBISU230710_Angara_Mp_AmspA205_SA_18S	Eulimnogammarus verrucosus	IBISU230710_Angara_Mp_AmspA205_SA	Alexandra Saranchina and Vasilyeva Uliana	2023	Russia: Angara river, Mel'nichnaya pad'	52.162473 N, 104.383230 E	CCTAYCTGGTTGATCCTGCCAGT	CGCGGCTGCTGGCACCAGAC
